<?xml version="1.0" encoding="UTF-8"?>
<project-private xmlns="http://www.netbeans.org/ns/project-private/1">
    <editor-bookmarks xmlns="http://www.netbeans.org/ns/editor-bookmarks/2" lastBookmarkId="0"/>
    <open-files xmlns="http://www.netbeans.org/ns/projectui-open-files/2">
        <group>
            <file>file:/C:/Users/niurk.DESKTOP-EHMDI3M/Desktop/UTESA/PRUBAS%20PROYECTO%20FINAL/2/abrilolivo07%20Prototipo-Sistema-Contable%20master%20PrototipoSistemaContable-Nuevo/src/prototiposistemacontable/MovimientoTransacciones.java</file>
            <file>file:/C:/Users/niurk.DESKTOP-EHMDI3M/Desktop/UTESA/PRUBAS%20PROYECTO%20FINAL/2/abrilolivo07%20Prototipo-Sistema-Contable%20master%20PrototipoSistemaContable-Nuevo/src/prototiposistemacontable/FrmMovimientoTransacciones.java</file>
        </group>
    </open-files>
</project-private>
